#Name,a,year
" 15760 (1992 QB1)",43.89799615603241	,1992 
" 15788 (1993 SB)",39.44504130270598	,1993 
" 15789 (1993 SC)",39.49656382142236	,1993 
" 15807 (1994 GV9)",43.92595285884958	,1994 
" 15809 (1994 JS)",42.08916323673944	,1994 
" 15810 (1994 JR1)",39.26473840008283	,1994 
" 15820 (1994 TB)",39.53329604554448	,1994 
" 15836 (1995 DA2)",36.61645842668343	,1995 
" 15874 (1996 TL66)",84.00149731646107	,1996 
" 15875 (1996 TP66)",39.54316366325752	,1996 
" 15883 (1997 CR29)",47.35443248895153	,1997 
" 16684 (1994 JQ1)",44.11085672199867	,1994 
" 19255 (1994 VK8)",43.00355044504641	,1994 
" 19299 (1996 SZ4)",39.66989016934387	,1996 
" 19308 (1996 TO66)",43.23282485522726	,1996 
" 19521 Chaos (1998 WH24)",45.93728424834111	,1998 
" 20000 Varuna (2000 WR106)",43.19387441553436	,2000 
" 20108 (1995 QZ9)",39.45691993768359	,1995 
" 20161 (1996 TR66)",47.71470906669207	,1996 
" 24835 (1995 SM55)",41.88492866843608	,1995 
" 24952 (1997 QJ4)",39.37529357718563	,1997 
" 24978 (1998 HJ151)",43.30784541083806	,1998 
" 26181 (1996 GQ21)",93.87346660827265	,1996 
" 26308 (1998 SM165)",47.59830259144721	,1998 
" 26375 (1999 DE9)",55.93612802373172	,1999 
" 28978 Ixion (2001 KX76)",39.41999361876776	,2001 
" 29981 (1999 TD10)",97.23298001707646	,1999 
" 32929 (1995 QY9)",39.63040500521749	,1995 
" 33001 (1997 CU29)",43.71413077799322	,1997 
" 33128 (1998 BU48)",33.44726709831627	,1998 
" 33340 (1998 VG44)",39.50050842641036	,1998 
" 35671 (1998 SN165)",37.8486894550172	,1998 
" 38083 Rhadamanthus (1999 HX11)",39.12139298674491	,1999 
" 38084 (1999 HB12)",55.82541541522104	,1999 
" 38628 Huya (2000 EB173)",39.48221054746175	,2000 
" 40314 (1999 KR16)",48.81476644870868	,1999 
" 42301 (2001 UR163)",51.46826059202579	,2001 
" 42355 Typhon (2002 CR46)",38.17613573402244	,2002 
" 44594 (1999 OX3)",32.15737893714132	,1999 
" 45802 (2000 PV29)",43.2692363114358	,2000 
" 47171 (1999 TC36)",39.40351917975376	,1999 
" 47932 (2000 GN171)",39.44061691825328	,2000 
" 48639 (1995 TL8)",52.53899374494244	,1995 
" 49673 (1999 RA215)",42.99635378881863	,1999 
" 50000 Quaoar (2002 LM60)",43.25864948316779	,2002 
" 52747 (1998 HM151)",44.3371348665957	,1998 
" 53311 Deucalion (1999 HU11)",44.1580738251843	,1999 
" 54520 (2000 PJ30)",122.3068915001827	,2000 
" 55565 (2002 AW197)",47.50747155598051	,2002 
" 55636 (2002 TX300)",43.21965232834987	,2002 
" 55637 (2002 UX25)",42.72097588056492	,2002 
" 55638 (2002 VE95)",39.48611738841421	,2002 
" 58534 Logos (1997 CQ29)",45.49406636566994	,1997 
" 59358 (1999 CL158)",41.74857724088892	,1999 
" 60454 (2000 CH105)",44.54682374464053	,2000 
" 60458 (2000 CM114)",60.07701232042908	,2000 
" 60608 (2000 EE173)",49.74022254345756	,2000 
" 60620 (2000 FD8)",43.87641715638746	,2000 
" 60621 (2000 FE8)",55.68762523692971	,2000 
" 65407 (2002 RP120)",54.88756476555105	,2002 
" 65489 Ceto (2003 FX128)",102.2772131449798	,2003 
" 66452 (1999 OF4)",44.77499134506397	,1999 
" 66652 Borasisi (1999 RZ253)",43.58335165151961	,1999 
" 69986 (1998 WW24)",39.58988858939609	,1998 
" 69987 (1998 WA25)",42.6277053116938	,1998 
" 69988 (1998 WA31)",55.20038174948916	,1998 
" 69990 (1998 WU31)",39.3764237753367	,1998 
" 73480 (2002 PN34)",30.838557472412	,2002 
" 76803 (2000 PK30)",38.49441917225106	,2000 
" 78799 (2002 XW93)",37.60652920335546	,2002 
" 79360 Sila-Nunam (1997 CS29)",44.1475958341432	,1997 
" 79969 (1999 CP133)",35.06273943857259	,1999 
" 79978 (1999 CC158)",54.33687945146566	,1999 
" 79983 (1999 DF9)",46.72012451220978	,1999 
" 80806 (2000 CM105)",42.42681579347038	,2000 
" 82075 (2000 YW134)",58.32071192261316	,2000 
" 82155 (2001 FZ173)",86.17650285773693	,2001 
" 82157 (2001 FM185)",38.7596936316783	,2001 
" 82158 (2001 FP185)",222.8895152317402	,2001 
" 84522 (2002 TC302)",55.46971433825367	,2002 
" 84719 (2002 VR128)",39.42639739100257	,2002 
" 84922 (2003 VS2)",39.54914160532432	,2003 
" 85627 (1998 HP151)",43.95326297438628	,1998 
" 85633 (1998 KR65)",43.33896205029043	,1998 
" 86047 (1999 OY3)",43.67995389953803	,1999 
" 86177 (1999 RY215)",45.10790485197437	,1999 
" 87269 (2000 OO67)",544.1823017369559	,2000 
" 87555 (2000 QB243)",34.76549775404074	,2000 
" 88267 (2001 KE76)",42.94527382038246	,2001 
" 88268 (2001 KK76)",42.41058077821061	,2001 
" 88611 Teharonhiawako (2001 QT297)",43.86273446194308	,2001 
" 90377 Sedna (2003 VB12)",524.3892826367038	,2003 
" 90482 Orcus (2004 DW)",39.45974796563077	,2004 
" 90568 (2004 GV9)",42.05822056335769	,2004 
" 91133 (1998 HK151)",39.31329013473403	,1998 
" 91205 (1998 US43)",39.38678980633625	,1998 
" 91554 (1999 RZ215)",100.7816861802483	,1999 
" 95625 (2002 GX32)",53.11187963454261	,2002 
"118228 (1996 TQ66)",39.49236885539447	,1996 
"118378 (1999 HT11)",43.81380592442839	,1999 
"118379 (1999 HC12)",45.38367163195251	,1999 
"118698 (2000 OY51)",43.43837060308571	,2000 
"118702 (2000 OM67)",97.56134306940329	,2000 
"119066 (2001 KJ76)",43.60599403493226	,2001 
"119067 (2001 KP76)",43.4674369053592	,2001 
"119068 (2001 KC77)",55.02196614521399	,2001 
"119069 (2001 KN77)",39.06543612877388	,2001 
"119070 (2001 KP77)",43.6187220785263	,2001 
"119473 (2001 UO18)",39.70041223690362	,2001 
"119878 (2002 CY224)",54.38834915975409	,2002 
"119951 (2002 KX14)",38.76338929525344	,2002 
"119956 (2002 PA149)",43.47082549501602	,2002 
"119979 (2002 WC19)",48.15133035111224	,2002 
"120132 (2003 FY128)",49.67867739468637	,2003 
"120178 (2003 OP32)",43.04407531576882	,2003 
"120181 (2003 UR292)",32.36921230091842	,2003 
"120216 (2004 EW95)",39.50267314660139	,2004 
"120347 Salacia (2004 SB60)",41.9066736373106	,2004 
"120348 (2004 TY364)",38.87287148909661	,2004 
"123509 (2000 WK183)",44.55775249503213	,2000 
"126154 (2001 YH140)",42.63476036958917	,2001 
"126155 (2001 YJ140)",39.71708667765517	,2001 
"126619 (2002 CX154)",72.13822131662975	,2002 
"126719 (2002 CC249)",47.32564870740341	,2002 
"127546 (2002 XU93)",67.61726436033929	,2002 
"127871 (2003 FC128)",35.14180458327396	,2003 
"129746 (1999 CE119)",39.48294054498452	,1999 
"129772 (1999 HR11)",43.80200598765324	,1999 
"130391 (2000 JG81)",47.44733511430169	,2000 
"131318 (2001 FL194)",39.38973512137759	,2001 
"131695 (2001 XS254)",37.46299750931376	,2001 
"131696 (2001 XT254)",53.47243605591729	,2001 
"131697 (2001 XH255)",35.1503469207199	,2001 
"133067 (2003 FB128)",39.67251364325097	,2003 
"134210 (2005 PQ21)",61.69172164630323	,2005 
"134340 Pluto (1930 )",39.4450697257358	,1930 
"134568 (1999 RH215)",43.49715109320101	,1999 
"134860 (2000 OJ67)",42.67526490174122	,2000 
"135024 (2001 KO76)",43.66585993155552	,2001 
"135182 (2001 QT322)",37.00200086985	,2001 
"135571 (2002 GG32)",55.27095651137472	,2002 
"135742 (2002 PB171)",43.47748424426477	,2002 
"136108 Haumea (2003 EL61)",43.21759116399876	,2003 
"136120 (2003 LG7)",62.19942967137089	,2003 
"136199 Eris (2003 UB313)",67.78077417200119	,2003 
"136472 Makemake (2005 FY9)",45.71462727466309	,2005 
"137294 (1999 RE215)",44.79317305084643	,1999 
"137295 (1999 RB216)",47.50606670605706	,1999 
"138537 (2000 OK67)",46.36188015102106	,2000 
"138628 (2000 QM251)",44.63854924462795	,2000 
"139775 (2001 QG298)",39.30025075532759	,2001 
"143685 (2003 SS317)",36.42276731250664	,2003 
"143707 (2003 UY117)",55.57139261001797	,2003 
"143751 (2003 US292)",42.18550324455598	,2003 
"143991 (2003 YO179)",44.83430443899226	,2003 
"144897 (2004 UX10)",39.00076849698858	,2004 
"145451 (2005 RM43)",91.09802875074257	,2005 
"145452 (2005 RN43)",41.37155551941084	,2005 
"145453 (2005 RR43)",43.28953562166471	,2005 
"145474 (2005 SA278)",92.92241654785066	,2005 
"145480 (2005 TB190)",75.28256620262323	,2005 
"148112 (1999 RA216)",43.83882015097321	,1999 
"148209 (2000 CR105)",230.1151595739463	,2000 
"148780 Altjira (2001 UQ18)",44.35171272196187	,2001 
"149348 (2002 VS130)",45.19264109144674	,2002 
"149349 (2002 VA131)",42.36981136481918	,2002 
"149560 (2003 QZ91)",41.34987343174845	,2003 
"150642 (2001 CZ31)",45.51094152851785	,2001 
"160091 (2000 OL67)",44.93695449208347	,2000 
"160147 (2001 KN76)",43.74993857036235	,2001 
"160148 (2001 KV76)",69.58221002719287	,2001 
"160256 (2002 PD149)",42.83778526409812	,2002 
"168700 (2000 GE147)",39.47126828022861	,2000 
"168703 (2000 GP183)",39.85427007478852	,2000 
"169071 (2001 FR185)",39.29163285661192	,2001 
"174567 Varda (2003 MW12)",45.68389214371236	,2003 
"175113 (2004 PF115)",38.83385189093597	,2004 
"181708 (1993 FW)",43.84256118753685	,1993 
"181855 (1998 WT31)",46.18824448336413	,1998 
"181867 (1999 CV118)",53.26748080652251	,1999 
"181868 (1999 CG119)",49.96559399164357	,1999 
"181871 (1999 CO153)",43.97720025784454	,1999 
"181874 (1999 HW11)",52.90668591170579	,1999 
"181902 (1999 RD215)",121.944922031793	,1999 
"182222 (2000 YU1)",43.75583578070997	,2000 
"182223 (2000 YC2)",58.66678537604325	,2000 
"182294 (2001 KU76)",45.01675164655852	,2001 
"182397 (2001 QW297)",51.43899758577113	,2001 
"182926 (2002 FU6)",46.00493934277935	,2002 
"182933 (2002 GZ31)",50.44451701059712	,2002 
"182934 (2002 GJ32)",44.31526998563914	,2002 
"183595 (2003 TG58)",44.74768066800387	,2003 
"183963 (2004 DJ64)",44.60166272920553	,2004 
"183964 (2004 DJ71)",53.61248627845249	,2004 
"184212 (2004 PB112)",106.8592408725571	,2004 
"184314 (2005 EO302)",45.27108098577304	,2005 
"202421 (2005 UQ513)",43.29605253611084	,2005 
"208996 (2003 AZ84)",39.6785244115344	,2003 
"225088 (2007 OR10)",66.84726942371793	,2007 
"229762 (2007 UK126)",74.01016938506761	,2007 
"230965 (2004 XA192)",47.36932418651109	,2004 
"241097 (2007 DU112)",40.59403498712131	,2007 
"275809 (2001 QY297)",43.67320395940055	,2001 
"278361 (2007 JJ43)",47.94398060865159	,2007 
"303712 (2005 PR21)",44.00427561633104	,2005 
"303775 (2005 QU182)",110.7655829045624	,2005 
"305543 (2008 QY40)",61.75317607108955	,2008 
"306792 (2001 KQ77)",39.44116188740765	,2001 
"307251 (2002 KW14)",46.65388002576042	,2002 
"307261 (2002 MS4)",41.63899717494724	,2002 
"307463 (2002 VU130)",39.30825775251744	,2002 
"307616 (2003 QW90)",43.70338239946363	,2003 
"307982 (2004 PG115)",89.32690316588493	,2004 
"308193 (2005 CB79)",43.62845937854895	,2005 
"308379 (2005 RS43)",47.71237796059715	,2005 
"308460 (2005 SC278)",34.78844756052942	,2005 
"308634 (2005 XU100)",43.69866187457892	,2005 
"308933 (2006 SQ372)",742.4199549538473	,2006 
"309239 (2007 RW10)",30.19561119217004	,2007 
"310071 (2010 KR59)",30.22391468154044	,2010 
"312645 (2010 EP65)",47.88734409910523	,2010 
"315530 (2008 AP129)",42.06025693951431	,2008 
"316179 (2010 EN65)",30.86083119222037	,2010 
"336756 (2010 NV1)",322.6077283126078	,2010 
"341520 (2007 TY430)",39.2500984797099	,2007 
"353222 (2009 YD7)",128.167055669214	,2009 
"363330 (2002 PQ145)",43.64242932473641	,2002 
"363401 (2003 LB7)",45.57835473829392	,2003 
"364171 (2006 JZ81)",44.79340810782815	,2006 
"385185 (1993 RO)",39.24681621192376	,1993 
"385191 (1997 RT5)",41.22294223791862	,1997 
"385194 (1998 KG62)",43.23548651085223	,1998 
"385199 (1999 OE4)",45.15686336547716	,1999 
"385201 (1999 RN215)",43.12454396339122	,1999 
"385266 (2001 QB298)",42.45745562926013	,2001 
"385362 (2002 PT170)",46.09072228972416	,2002 
"385363 (2002 PW170)",44.70615350758069	,2002 
"385437 (2003 GH55)",44.23274939111359	,2003 
"385445 (2003 QH91)",39.29182310683027	,2003 
"385446 Manwe (2003 QW111)",43.58968805786566	,2003 
"385447 (2003 QF113)",43.65533540307435	,2003 
"385458 (2003 SP317)",45.85851329825145	,2003 
"385527 (2004 OK14)",43.5889151388458	,2004 
"385528 (2004 OR15)",55.95880131427644	,2004 
"385533 (2004 QD29)",42.89045802672859	,2004 
"385571 (2004 UP10)",30.1277365996962	,2004 
"385607 (2005 EO297)",63.33155927076369	,2005 
"385695 (2005 TO74)",30.12280092364857	,2005 
"386723 (2009 YE7)",44.40768271043152	,2009 
"408832 (2001 QJ298)",43.94082164428416	,2001 
"413666 (2005 VJ119)",35.34790237260392	,2005 
"       (1993 RP)",39.32915816691289	,1993 
"       (1994 ES2)",46.05412212475544	,1994 
"       (1994 EV3)",42.91417485723209	,1994 
"       (1994 TG)",42.2566142015222	,1994 
"       (1994 TH)",40.94243406270702	,1994 
"       (1994 TG2)",42.44889368631713	,1994 
"       (1995 DB2)",46.73781545240431	,1995 
"       (1995 DC2)",44.33465032395341	,1995 
"       (1995 FB21)",42.42506420677353	,1995 
"       (1995 GJ)",42.90307030239703	,1995 
"       (1995 GA7)",39.45185981626433	,1995 
"       (1995 GY7)",41.34574063391436	,1995 
"       (1995 HM5)",39.58342689712918	,1995 
"       (1995 KJ1)",43.46927079604143	,1995 
"       (1995 KK1)",39.47305226934023	,1995 
"       (1995 WY2)",46.71849106021779	,1995 
"       (1995 YY3)",34.43394519143845	,1995 
"       (1996 AS20)",35.79289860608271	,1996 
"       (1996 KV1)",45.07069619421208	,1996 
"       (1996 KX1)",39.54060173068502	,1996 
"       (1996 KY1)",39.51635493916923	,1996 
"       (1996 PW)",263.8478778998567	,1996 
"       (1996 RQ20)",43.89419613124779	,1996 
"       (1996 RR20)",39.43882907837074	,1996 
"       (1996 TK66)",42.60518095953513	,1996 
"       (1996 TS66)",44.02132974192743	,1996 
"       (1997 CT29)",44.00125264469531	,1997 
"       (1997 CV29)",42.45348038042489	,1997 
"       (1997 CW29)",39.37530429999995	,1997 
"       (1997 GA45)",43.88713233177998	,1997 
"       (1997 QH4)",42.65213216898365	,1997 
"       (1997 RY6)",41.36034247994576	,1997 
"       (1997 RX9)",41.50622320530752	,1997 
"       (1997 RL13)",44.52128166931075	,1997 
"       (1997 SZ10)",47.92249521950104	,1997 
"       (1997 TX8)",39.31754238168764	,1997 
"       (1997 UF25)",44.89483905571043	,1997 
"       (1997 UG25)",43.31045467271338	,1997 
"       (1998 FS144)",41.96720384639343	,1998 
"       (1998 HH151)",39.40812841403298	,1998 
"       (1998 HL151)",40.82048642075555	,1998 
"       (1998 HN151)",38.07631732433519	,1998 
"       (1998 HO151)",41.4962864238855	,1998 
"       (1998 HQ151)",39.38372403053432	,1998 
"       (1998 HR151)",45.50564283716601	,1998 
"       (1998 KY61)",44.18064332243404	,1998 
"       (1998 KS65)",43.59886089795194	,1998 
"       (1998 KD66)",43.07607863004272	,1998 
"       (1998 KE66)",42.05758090566525	,1998 
"       (1998 KF66)",39.50235767763014	,1998 
"       (1998 KG66)",45.19504303999479	,1998 
"       (1998 UR43)",39.64857728700318	,1998 
"       (1998 UU43)",36.565008823406	,1998 
"       (1998 WG24)",45.86076598516374	,1998 
"       (1998 WV24)",39.06792872100015	,1998 
"       (1998 WX24)",43.43446276736957	,1998 
"       (1998 WY24)",43.42361151771587	,1998 
"       (1998 WZ24)",39.47836173534242	,1998 
"       (1998 WS31)",39.50654647718551	,1998 
"       (1998 WV31)",39.29997550434047	,1998 
"       (1998 WW31)",44.76352579065019	,1998 
"       (1998 WX31)",45.66923497557291	,1998 
"       (1998 WY31)",45.44498301341822	,1998 
"       (1998 WZ31)",39.69164871741008	,1998 
"       (1998 XY95)",64.89445333982148	,1998 
"       (1999 CW118)",43.45282333045638	,1999 
"       (1999 CX118)",43.6623197427902	,1999 
"       (1999 CY118)",91.51746085430554	,1999 
"       (1999 CZ118)",118.4375219543634	,1999 
"       (1999 CA119)",45.15063570040751	,1999 
"       (1999 CB119)",47.1847545824555	,1999 
"       (1999 CC119)",44.99154444938443	,1999 
"       (1999 CD119)",43.99348605394253	,1999 
"       (1999 CF119)",90.30750456111267	,1999 
"       (1999 CH119)",43.54842849074425	,1999 
"       (1999 CJ119)",45.65663325879583	,1999 
"       (1999 CK119)",42.08347864199202	,1999 
"       (1999 CL119)",47.17852688599658	,1999 
"       (1999 CM119)",44.21128042880271	,1999 
"       (1999 CN119)",44.01411009506519	,1999 
"       (1999 CW131)",43.1467834921981	,1999 
"       (1999 CX131)",42.52016867178238	,1999 
"       (1999 CY131)",43.92412899868113	,1999 
"       (1999 CZ131)",44.41161402106322	,1999 
"       (1999 CA132)",43.96606505339681	,1999 
"       (1999 CQ133)",41.55727739019519	,1999 
"       (1999 CR133)",42.25149726481263	,1999 
"       (1999 CM153)",46.01970957281787	,1999 
"       (1999 CN153)",42.5941390637795	,1999 
"       (1999 CP153)",44.24290081241838	,1999 
"       (1999 CQ153)",44.33420032469957	,1999 
"       (1999 CR153)",43.12248000115827	,1999 
"       (1999 CS153)",44.78443366759181	,1999 
"       (1999 CT153)",45.11540367250425	,1999 
"       (1999 CU153)",44.47900490140129	,1999 
"       (1999 CG154)",42.98652866277914	,1999 
"       (1999 CH154)",43.29249429454995	,1999 
"       (1999 CD158)",43.89939483955195	,1999 
"       (1999 CK158)",41.07947247032913	,1999 
"       (1999 CM158)",39.66522767254837	,1999 
"       (1999 DA)",43.51809466936643	,1999 
"       (1999 DZ7)",39.41337921067446	,1999 
"       (1999 DA8)",39.31843263944963	,1999 
"       (1999 DB8)",42.50964286924971	,1999 
"       (1999 DC8)",45.88616172851483	,1999 
"       (1999 DD8)",39.40692776254158	,1999 
"       (1999 DE8)",45.60673125631904	,1999 
"       (1999 DF8)",44.16450289163289	,1999 
"       (1999 DG8)",82.22281989804416	,1999 
"       (1999 DH8)",44.38172081220527	,1999 
"       (1999 DL8)",42.51615336351009	,1999 
"       (1999 DM8)",42.88440405195167	,1999 
"       (1999 DN8)",44.3406011200784	,1999 
"       (1999 DO8)",41.79349920942185	,1999 
"       (1999 DP8)",115.77256542455	,1999 
"       (1999 DQ8)",45.32036266840039	,1999 
"       (1999 DR8)",45.52243510125989	,1999 
"       (1999 GS46)",44.67637758780269	,1999 
"       (1999 HS11)",44.18982935218543	,1999 
"       (1999 HV11)",43.01467625262861	,1999 
"       (1999 HY11)",42.15877159600418	,1999 
"       (1999 HZ11)",42.38248864922829	,1999 
"       (1999 HA12)",43.13990827894615	,1999 
"       (1999 HG12)",43.67764899850211	,1999 
"       (1999 HH12)",43.64522711900234	,1999 
"       (1999 HJ12)",43.04887941994673	,1999 
"       (1999 JA132)",44.5403138770832	,1999 
"       (1999 JB132)",39.53488004787216	,1999 
"       (1999 JC132)",39.5292657673814	,1999 
"       (1999 JD132)",43.32720262133315	,1999 
"       (1999 JE132)",39.44021216507548	,1999 
"       (1999 JF132)",44.46219237394532	,1999 
"       (1999 JH132)",42.00662823422898	,1999 
"       (1999 JJ132)",45.79248843162645	,1999 
"       (1999 JK132)",39.33942248048648	,1999 
"       (1999 KT16)",46.41490237142891	,1999 
"       (1999 KK17)",45.54162537036716	,1999 
"       (1999 KL17)",46.24536304854769	,1999 
"       (1999 KR18)",43.46063868747871	,1999 
"       (1999 LB37)",39.494199930984	,1999 
"       (1999 OZ3)",44.01133215840725	,1999 
"       (1999 OA4)",44.22217906493085	,1999 
"       (1999 OC4)",45.26997640167564	,1999 
"       (1999 OD4)",41.27809244261918	,1999 
"       (1999 OG4)",46.79848931008327	,1999 
"       (1999 OH4)",40.32648514201053	,1999 
"       (1999 OJ4)",37.89506418441407	,1999 
"       (1999 OK4)",43.11482889394136	,1999 
"       (1999 OM4)",45.79807262053772	,1999 
"       (1999 ON4)",42.47280076808746	,1999 
"       (1999 RS214)",42.96521759235027	,1999 
"       (1999 RT214)",42.36901001253677	,1999 
"       (1999 RU214)",55.42507179871021	,1999 
"       (1999 RV214)",45.03199910000001	,1999 
"       (1999 RW214)",42.83459610548223	,1999 
"       (1999 RX214)",46.02218153647188	,1999 
"       (1999 RY214)",45.14123281330729	,1999 
"       (1999 RZ214)",84.34298134513398	,1999 
"       (1999 RB215)",47.56783494601195	,1999 
"       (1999 RC215)",44.0353548612349	,1999 
"       (1999 RF215)",43.9602065268759	,1999 
"       (1999 RG215)",46.28887342806748	,1999 
"       (1999 RJ215)",59.10816650880702	,1999 
"       (1999 RK215)",39.35059502949283	,1999 
"       (1999 RR215)",44.08013847117171	,1999 
"       (1999 RT215)",43.09028438636359	,1999 
"       (1999 RU215)",43.03939061302142	,1999 
"       (1999 RV215)",44.65525972354291	,1999 
"       (1999 RW215)",36.40873899913261	,1999 
"       (1999 RX215)",46.7499821671065	,1999 
"       (1999 RC216)",44.4045443393066	,1999 
"       (1999 RK257)",43.19172581460379	,1999 
"       (1999 SA28)",39.22769751054978	,1999 
"       (1999 TR11)",39.60573142525411	,1999 
"       (1999 XY143)",43.18704611864348	,1999 
"       (2000 AB229)",52.57287556825246	,2000 
"       (2000 AB255)",43.0851011234576	,2000 
"       (2000 AC255)",46.80732029605485	,2000 
"       (2000 AD255)",42.17473599882008	,2000 
"       (2000 AE255)",44.05481507488832	,2000 
"       (2000 AF255)",48.87984151469932	,2000 
"       (2000 CL104)",44.68573013092156	,2000 
"       (2000 CM104)",42.58848709746199	,2000 
"       (2000 CN104)",42.93108730763258	,2000 
"       (2000 CP104)",44.50846771717499	,2000 
"       (2000 CQ104)",36.84573072308779	,2000 
"       (2000 CE105)",44.15561311692945	,2000 
"       (2000 CF105)",44.14616072674131	,2000 
"       (2000 CG105)",46.5966833365386	,2000 
"       (2000 CJ105)",44.38283264947523	,2000 
"       (2000 CK105)",39.59698024862737	,2000 
"       (2000 CL105)",43.25778326395619	,2000 
"       (2000 CN105)",44.80113146262428	,2000 
"       (2000 CO105)",47.31295149747168	,2000 
"       (2000 CP105)",83.18304521975666	,2000 
"       (2000 CQ105)",57.44225211034389	,2000 
"       (2000 CS105)",44.71834200704724	,2000 
"       (2000 CY105)",45.53622015986056	,2000 
"       (2000 CN114)",44.1919317694819	,2000 
"       (2000 CO114)",46.14474361881727	,2000 
"       (2000 CP114)",39.4783427986991	,2000 
"       (2000 CQ114)",46.35525997076734	,2000 
"       (2000 FA8)",44.08256308041934	,2000 
"       (2000 FB8)",39.42227757067501	,2000 
"       (2000 FC8)",44.07518129763974	,2000 
"       (2000 FF8)",45.26239679313011	,2000 
"       (2000 FG8)",44.06430790706226	,2000 
"       (2000 FH8)",43.6566944121539	,2000 
"       (2000 FR53)",44.5947944915613	,2000 
"       (2000 FS53)",43.13334662379059	,2000 
"       (2000 FT53)",45.17206992192163	,2000 
"       (2000 FU53)",42.39320091317262	,2000 
"       (2000 FV53)",39.24339206151456	,2000 
"       (2000 FW53)",47.201253486022	,2000 
"       (2000 FX53)",43.74412146145325	,2000 
"       (2000 FY53)",39.29918456833346	,2000 
"       (2000 GV146)",44.13071654510858	,2000 
"       (2000 GW146)",41.20826733353623	,2000 
"       (2000 GX146)",44.24030884354197	,2000 
"       (2000 GY146)",44.13430505947381	,2000 
"       (2000 GZ146)",43.87871988953439	,2000 
"       (2000 GF147)",42.08089209999999	,2000 
"       (2000 GK147)",57.34491989570907	,2000 
"       (2000 GL147)",39.33417961692784	,2000 
"       (2000 GM147)",39.58354980641063	,2000 
"       (2000 JF81)",46.11624425598331	,2000 
"       (2000 JH81)",46.23012239052488	,2000 
"       (2000 KK4)",41.22745792508088	,2000 
"       (2000 KL4)",38.54050105500906	,2000 
"       (2000 KP65)",88.80961045687148	,2000 
"       (2000 OB51)",37.68481663363631	,2000 
"       (2000 OH67)",44.00015154081017	,2000 
"       (2000 ON67)",42.85085179946655	,2000 
"       (2000 OP67)",43.5148790832435	,2000 
"       (2000 OU69)",43.00620532831372	,2000 
"       (2000 PU29)",42.30285985898129	,2000 
"       (2000 PW29)",44.01142459587855	,2000 
"       (2000 PX29)",42.4370849813747	,2000 
"       (2000 PY29)",44.07698091192315	,2000 
"       (2000 PZ29)",44.89878014328538	,2000 
"       (2000 PA30)",46.83496212939112	,2000 
"       (2000 PB30)",42.49706440019056	,2000 
"       (2000 PC30)",42.90715245849248	,2000 
"       (2000 PD30)",46.33501799753609	,2000 
"       (2000 PE30)",54.06904882285888	,2000 
"       (2000 PF30)",75.92757128223413	,2000 
"       (2000 PG30)",44.95479001083505	,2000 
"       (2000 PH30)",76.25851352964345	,2000 
"       (2000 PL30)",41.93278001777665	,2000 
"       (2000 PM30)",43.84270687246745	,2000 
"       (2000 PN30)",44.64853357902858	,2000 
"       (2000 PQ30)",41.63822143576571	,2000 
"       (2000 PR30)",42.32524133740903	,2000 
"       (2000 PS30)",64.45572508619414	,2000 
"       (2000 QB226)",45.64140551978468	,2000 
"       (2000 QC226)",43.97460357706678	,2000 
"       (2000 QD226)",41.16859412390521	,2000 
"       (2000 QE226)",43.87968891976506	,2000 
"       (2000 QF226)",46.49637301467126	,2000 
"       (2000 QG226)",39.40528652980979	,2000 
"       (2000 QH226)",39.62163579837382	,2000 
"       (2000 QJ226)",39.39157220295318	,2000 
"       (2000 QK226)",66.99108714436784	,2000 
"       (2000 QL226)",39.27465182878351	,2000 
"       (2000 QA243)",43.26909044614685	,2000 
"       (2000 QL251)",47.62065615823234	,2000 
"       (2000 QN251)",42.1056848281271	,2000 
"       (2000 QJ252)",43.2365251944986	,2000 
"       (2000 QK252)",45.14644701977586	,2000 
"       (2000 QL252)",39.65880995959981	,2000 
"       (2000 QN252)",36.5071098355462	,2000 
"       (2000 QO252)",45.55573770000002	,2000 
"       (2000 SB331)",46.3793306490956	,2000 
"       (2000 SC331)",46.48028540085092	,2000 
"       (2000 SD331)",43.68866209247675	,2000 
"       (2000 SE331)",43.52565504638412	,2000 
"       (2000 SF331)",44.01967965796774	,2000 
"       (2000 SG331)",44.15805198501864	,2000 
"       (2000 SH331)",44.75658114639641	,2000 
"       (2000 SJ331)",41.42225137356996	,2000 
"       (2000 SK331)",45.48480905757712	,2000 
"       (2000 SL331)",41.83119112111529	,2000 
"       (2000 SM331)",57.35891838674458	,2000 
"       (2000 SO331)",43.16269736964739	,2000 
"       (2000 SP331)",43.01289918365124	,2000 
"       (2000 SQ331)",69.80829661719112	,2000 
"       (2000 SR331)",55.88534130513695	,2000 
"       (2000 SS331)",63.68439366621489	,2000 
"       (2000 ST331)",42.47179762857771	,2000 
"       (2000 SU331)",59.86087961309737	,2000 
"       (2000 SW370)",43.80050960315337	,2000 
"       (2000 SX370)",45.03927139842963	,2000 
"       (2000 SY370)",43.53882118671044	,2000 
"       (2000 WV12)",43.61041017840913	,2000 
"       (2000 WW12)",54.03893034844818	,2000 
"       (2000 WX12)",43.77168458612169	,2000 
"       (2000 WT169)",45.0779939232298	,2000 
"       (2000 WL183)",43.68525871254787	,2000 
"       (2000 WM183)",45.06131680338897	,2000 
"       (2000 WN183)",44.94816323435322	,2000 
"       (2000 WO183)",43.97311465937652	,2000 
"       (2000 YV1)",43.99933759145812	,2000 
"       (2000 YW1)",42.91876169039251	,2000 
"       (2000 YX1)",45.71700787532073	,2000 
"       (2000 YY1)",64.25975282984687	,2000 
"       (2000 YZ1)",44.82961758998255	,2000 
"       (2000 YA2)",44.19846179002278	,2000 
"       (2000 YB2)",38.8587588520638	,2000 
"       (2000 YD2)",42.93551822029954	,2000 
"       (2000 YE2)",48.21700999591382	,2000 
"       (2000 YF2)",45.73662390703939	,2000 
"       (2000 YG2)",42.82213178734457	,2000 
"       (2000 YH2)",39.48720782851539	,2000 
"       (2000 YB29)",39.39404761347708	,2000 
"       (2000 YQ142)",39.50998675635731	,2000 
"       (2000 YY142)",44.90072206555271	,2000 
"       (2001 DB106)",43.34376195200839	,2001 
"       (2001 DC106)",43.62578080300683	,2001 
"       (2001 DD106)",44.28046845333591	,2001 
"       (2001 DR106)",44.46643724404312	,2001 
"       (2001 DS106)",42.57248604399918	,2001 
"       (2001 DM108)",45.43827925402682	,2001 
"       (2001 DN108)",45.46521387592661	,2001 
"       (2001 DO108)",42.95175512594987	,2001 
"       (2001 DP108)",39.46059972440071	,2001 
"       (2001 DQ108)",45.42048474169593	,2001 
"       (2001 DS108)",45.87042266228836	,2001 
"       (2001 DT108)",39.50405058172157	,2001 
"       (2001 DU108)",45.03225153787155	,2001 
"       (2001 DV108)",46.27521511591485	,2001 
"       (2001 ES24)",44.55518870060685	,2001 
"       (2001 FU172)",39.44250978265774	,2001 
"       (2001 FB185)",43.18194394001054	,2001 
"       (2001 FC185)",42.95162108037128	,2001 
"       (2001 FK185)",43.36642190204238	,2001 
"       (2001 FL185)",44.38008767265541	,2001 
"       (2001 FN185)",42.62495945236687	,2001 
"       (2001 FO185)",46.58533035464593	,2001 
"       (2001 FQ185)",47.89047205607639	,2001 
"       (2001 FS185)",43.25156263061022	,2001 
"       (2001 FT185)",47.29032853809992	,2001 
"       (2001 FU185)",39.36166977908668	,2001 
"       (2001 FV185)",39.38027000938644	,2001 
"       (2001 FC193)",46.50548343908454	,2001 
"       (2001 FD193)",44.7950016043369	,2001 
"       (2001 FE193)",46.92504523266471	,2001 
"       (2001 FF193)",44.73860639410408	,2001 
"       (2001 FG193)",46.50908675336638	,2001 
"       (2001 FH193)",44.6894124005395	,2001 
"       (2001 FJ193)",39.35318038060146	,2001 
"       (2001 FK193)",44.05272920366252	,2001 
"       (2001 FL193)",44.4246843595426	,2001 
"       (2001 FJ194)",66.01918559748262	,2001 
"       (2001 FK194)",76.35082469600002	,2001 
"       (2001 FM194)",54.32038035636276	,2001 
"       (2001 FN194)",66.97060254762332	,2001 
"       (2001 HZ58)",42.74969614042767	,2001 
"       (2001 HA59)",43.75203560848461	,2001 
"       (2001 HY65)",43.34656650294762	,2001 
"       (2001 KF76)",44.33209125633851	,2001 
"       (2001 KG76)",51.58740943307027	,2001 
"       (2001 KH76)",46.06030002346228	,2001 
"       (2001 KL76)",44.4423296074515	,2001 
"       (2001 KM76)",44.87068077550766	,2001 
"       (2001 KQ76)",42.84226655118029	,2001 
"       (2001 KS76)",43.6326602103072	,2001 
"       (2001 KT76)",45.15389454400665	,2001 
"       (2001 KW76)",45.93763467070403	,2001 
"       (2001 KY76)",39.22429228311265	,2001 
"       (2001 KZ76)",78.99947039191514	,2001 
"       (2001 KA77)",47.34045606149598	,2001 
"       (2001 KB77)",39.55246023711352	,2001 
"       (2001 KD77)",39.48087425569155	,2001 
"       (2001 KE77)",45.38721259098802	,2001 
"       (2001 KG77)",61.52317473683325	,2001 
"       (2001 KO77)",43.84880426297085	,2001 
"       (2001 OJ108)",44.90471934911631	,2001 
"       (2001 OK108)",42.76154394935475	,2001 
"       (2001 OL108)",45.54698367160171	,2001 
"       (2001 OM108)",46.04433227960353	,2001 
"       (2001 ON108)",43.70329469703962	,2001 
"       (2001 OO108)",44.86966491680441	,2001 
"       (2001 OQ108)",45.58812058177435	,2001 
"       (2001 OR108)",45.65541441077345	,2001 
"       (2001 OS108)",46.45169583212669	,2001 
"       (2001 OT108)",66.93543108434301	,2001 
"       (2001 OU108)",46.75326920228127	,2001 
"       (2001 OY108)",46.05201092767868	,2001 
"       (2001 OZ108)",43.14201377922844	,2001 
"       (2001 OG109)",43.33030463957589	,2001 
"       (2001 OM109)",68.09090278995153	,2001 
"       (2001 PK47)",39.73801859318922	,2001 
"       (2001 QO297)",42.8157647763055	,2001 
"       (2001 QP297)",45.09703256101205	,2001 
"       (2001 QQ297)",44.24838206166017	,2001 
"       (2001 QR297)",44.23439731300501	,2001 
"       (2001 QS297)",43.79391258140079	,2001 
"       (2001 QU297)",43.70292479919934	,2001 
"       (2001 QV297)",43.97485849621261	,2001 
"       (2001 QX297)",43.98884037314954	,2001 
"       (2001 QZ297)",44.11088424514399	,2001 
"       (2001 QA298)",45.98576375733987	,2001 
"       (2001 QC298)",46.13891059952381	,2001 
"       (2001 QD298)",42.4852558046481	,2001 
"       (2001 QE298)",43.62363516504916	,2001 
"       (2001 QF298)",39.26830096143358	,2001 
"       (2001 QH298)",39.29242255651233	,2001 
"       (2001 QQ322)",43.87659875395129	,2001 
"       (2001 QR322)",30.20714058348832	,2001 
"       (2001 QS322)",43.90558328481008	,2001 
"       (2001 QW322)",43.83160818491986	,2001 
"       (2001 QX322)",57.9408073418893	,2001 
"       (2001 QF331)",39.46512079163911	,2001 
"       (2001 RU143)",39.39163154827181	,2001 
"       (2001 RV143)",43.08667950718353	,2001 
"       (2001 RW143)",42.99808272460838	,2001 
"       (2001 RX143)",39.27506042555608	,2001 
"       (2001 RY143)",44.8760662261572	,2001 
"       (2001 RZ143)",44.05727948122603	,2001 
"       (2001 RL155)",44.1939389486127	,2001 
"       (2001 SD291)",45.78621950630767	,2001 
"       (2001 SE291)",45.3535224463877	,2001 
"       (2001 UA17)",42.9152912	,2001 
"       (2001 UB17)",39.6356953	,2001 
"       (2001 UC17)",39.5997382	,2001 
"       (2001 UN18)",44.20843350787121	,2001 
"       (2001 UP18)",47.73348917639539	,2001 
"       (2001 VN71)",39.67062504336367	,2001 
"       (2001 XP254)",42.56580719024321	,2001 
"       (2001 XQ254)",56.07294946090018	,2001 
"       (2001 XR254)",43.20195685463973	,2001 
"       (2001 XU254)",43.71148233641085	,2001 
"       (2001 XV254)",45.6580257902949	,2001 
"       (2001 XW254)",42.3315330952463	,2001 
"       (2001 XX254)",44.04412529376945	,2001 
"       (2001 XB255)",44.71732333978126	,2001 
"       (2001 XC255)",43.80543806424443	,2001 
"       (2001 XD255)",39.64227463613332	,2001 
"       (2001 XE255)",43.49760233169071	,2001 
"       (2001 XF255)",43.98658861039483	,2001 
"       (2001 XG255)",43.91540913098481	,2001 
"       (2001 XJ255)",44.4308801420509	,2001 
"       (2002 CO154)",42.72654063975516	,2002 
"       (2002 CP154)",52.37200377900209	,2002 
"       (2002 CQ154)",43.16927322354289	,2002 
"       (2002 CR154)",42.62744973676683	,2002 
"       (2002 CS154)",43.37749450044988	,2002 
"       (2002 CT154)",47.07665234928843	,2002 
"       (2002 CU154)",44.03724717843811	,2002 
"       (2002 CV154)",45.66612072909826	,2002 
"       (2002 CW154)",46.23989850369053	,2002 
"       (2002 CY154)",44.48775128213423	,2002 
"       (2002 CZ154)",43.65789325693309	,2002 
"       (2002 CW224)",39.51283163639084	,2002 
"       (2002 CX224)",46.3471671680375	,2002 
"       (2002 CZ224)",45.2558403635102	,2002 
"       (2002 CA225)",45.71658694124306	,2002 
"       (2002 CB225)",44.29954934573783	,2002 
"       (2002 CY248)",46.46956333563021	,2002 
"       (2002 CZ248)",53.5537030214763	,2002 
"       (2002 CC251)",39.52428227268295	,2002 
"       (2002 CD251)",42.8237438022608	,2002 
"       (2002 CE251)",39.52434768222746	,2002 
"       (2002 FV6)",47.20805032800382	,2002 
"       (2002 FW6)",36.44881149855146	,2002 
"       (2002 FX6)",45.11589858852693	,2002 
"       (2002 FP7)",39.46300288767544	,2002 
"       (2002 FW36)",43.14522616951664	,2002 
"       (2002 FX36)",44.41469029071247	,2002 
"       (2002 GV31)",44.28934371020352	,2002 
"       (2002 GW31)",39.52168988626571	,2002 
"       (2002 GX31)",43.30608033216637	,2002 
"       (2002 GY31)",43.49660103245294	,2002 
"       (2002 GA32)",51.92368247322902	,2002 
"       (2002 GB32)",211.8628339272389	,2002 
"       (2002 GC32)",43.47923489261372	,2002 
"       (2002 GD32)",44.57551350291292	,2002 
"       (2002 GE32)",39.3532860915909	,2002 
"       (2002 GF32)",39.32941388026452	,2002 
"       (2002 GH32)",42.06178518192283	,2002 
"       (2002 GK32)",43.80266266878392	,2002 
"       (2002 GL32)",39.57218818660386	,2002 
"       (2002 GM32)",39.42272295423253	,2002 
"       (2002 GN32)",39.35576673367997	,2002 
"       (2002 GO32)",39.2903072081942	,2002 
"       (2002 GP32)",55.42289229087216	,2002 
"       (2002 GQ32)",39.44446769601443	,2002 
"       (2002 GR32)",39.33956981710823	,2002 
"       (2002 GS32)",42.20703014461738	,2002 
"       (2002 GT32)",39.38300821747318	,2002 
"       (2002 GU32)",39.5365137192921	,2002 
"       (2002 GV32)",39.45414431137686	,2002 
"       (2002 GW32)",35.01791097333153	,2002 
"       (2002 GY32)",39.50308941747229	,2002 
"       (2002 GA33)",43.02318379891454	,2002 
"       (2002 GB33)",45.5495070820177	,2002 
"       (2002 GG166)",39.41617763937444	,2002 
"       (2002 GH166)",39.31218154208076	,2002 
"       (2002 GJ166)",39.27811770921417	,2002 
"       (2002 PN147)",44.44216280314387	,2002 
"       (2002 PE149)",43.04549722407028	,2002 
"       (2002 PF149)",42.89070033712723	,2002 
"       (2002 PH149)",42.9059362765701	,2002 
"       (2002 PJ149)",45.35857991249063	,2002 
"       (2002 PK149)",37.11043951786822	,2002 
"       (2002 PN149)",42.25307091829022	,2002 
"       (2002 PO149)",43.88359729747056	,2002 
"       (2002 PP149)",40.82459451421712	,2002 
"       (2002 PQ149)",44.34499789204025	,2002 
"       (2002 PG150)",43.50198991132044	,2002 
"       (2002 PR152)",43.1631991	,2002 
"       (2002 PS152)",43.401284	,2002 
"       (2002 PT152)",45.659231	,2002 
"       (2002 PU152)",44.5344162	,2002 
"       (2002 PV152)",44.1861238	,2002 
"       (2002 PW152)",45.4025691	,2002 
"       (2002 PX152)",44.47336520000001	,2002 
"       (2002 PY152)",43.6143084	,2002 
"       (2002 PZ152)",43.77976799999998	,2002 
"       (2002 PA153)",45.5436071	,2002 
"       (2002 PB153)",43.8825288	,2002 
"       (2002 PC153)",45.0829337	,2002 
"       (2002 PD153)",46.5815468	,2002 
"       (2002 PE153)",44.0386937	,2002 
"       (2002 PF153)",45.6898235	,2002 
"       (2002 PG153)",45.0291587	,2002 
"       (2002 PJ153)",46.4133489	,2002 
"       (2002 PK153)",43.85464451055524	,2002 
"       (2002 PL153)",43.57996419874867	,2002 
"       (2002 PM153)",43.9430809	,2002 
"       (2002 PN153)",44.88835638945081	,2002 
"       (2002 PO153)",44.09802053279288	,2002 
"       (2002 PP153)",45.16128804871101	,2002 
"       (2002 PD155)",43.10084362888696	,2002 
"       (2002 PE155)",43.04882449573236	,2002 
"       (2002 PR170)",45.71837723657777	,2002 
"       (2002 PS170)",44.46110955785973	,2002 
"       (2002 PU170)",47.62627472930959	,2002 
"       (2002 PV170)",42.51683660253558	,2002 
"       (2002 PX170)",42.50874465341214	,2002 
"       (2002 PY170)",42.86577216232374	,2002 
"       (2002 PZ170)",43.98915727059816	,2002 
"       (2002 PA171)",44.19223738572673	,2002 
"       (2002 PC171)",44.53840552924122	,2002 
"       (2002 RN109)",698.0069080706322	,2002 
"       (2002 TZ300)",43.68056527971363	,2002 
"       (2002 TA301)",44.16918188494558	,2002 
"       (2002 TB301)",43.2037326786596	,2002 
"       (2002 TC301)",45.77342944747955	,2002 
"       (2002 TD301)",43.36737658665634	,2002 
"       (2002 TE301)",45.2324771981767	,2002 
"       (2002 TF301)",44.71413239418975	,2002 
"       (2002 TG301)",45.55705340308194	,2002 
"       (2002 TH301)",39.25890246538793	,2002 
"       (2002 TJ301)",43.66631647633142	,2002 
"       (2002 TL301)",43.29206784575256	,2002 
"       (2002 TM301)",39.38352749676711	,2002 
"       (2002 VZ94)",45.73855947822137	,2002 
"       (2002 VA95)",44.79072599594289	,2002 
"       (2002 VB95)",39.37105351555787	,2002 
"       (2002 VC95)",46.85072121888138	,2002 
"       (2002 VD95)",43.31962317926492	,2002 
"       (2002 VD130)",48.03230493324617	,2002 
"       (2002 VE130)",44.69315829289908	,2002 
"       (2002 VF130)",45.97178914274621	,2002 
"       (2002 VT130)",42.57497020975278	,2002 
"       (2002 VV130)",42.36594218968564	,2002 
"       (2002 VW130)",45.95531600452503	,2002 
"       (2002 VX130)",39.58167924530666	,2002 
"       (2002 VY130)",39.49289508963196	,2002 
"       (2002 VZ130)",45.79713193150555	,2002 
"       (2002 VB131)",43.11301412557968	,2002 
"       (2002 VC131)",46.3143226006293	,2002 
"       (2002 VD131)",45.08399867909751	,2002 
"       (2002 VE131)",45.74374744431657	,2002 
"       (2002 VF131)",44.35683986757356	,2002 
"       (2002 VD138)",39.5491996158371	,2002 
"       (2002 WL21)",43.30951914519954	,2002 
"       (2002 XD91)",39.46752710446517	,2002 
"       (2002 XE91)",45.59157648850892	,2002 
"       (2002 XF91)",44.61716643400406	,2002 
"       (2002 XG91)",39.50161000053712	,2002 
"       (2002 XH91)",44.16396036340063	,2002 
"       (2002 XJ91)",39.60330943870101	,2002 
"       (2002 XV93)",39.5069339371669	,2002 
"       (2002 XP114)",39.51883798665037	,2002 
"       (2003 BF91)",42.78084217602554	,2003 
"       (2003 BG91)",43.44318039548219	,2003 
"       (2003 BH91)",43.9739256419534	,2003 
"       (2003 FH127)",44.81860284464067	,2003 
"       (2003 FJ127)",45.09909092850943	,2003 
"       (2003 FK127)",42.79589194872732	,2003 
"       (2003 FL127)",39.43521100527084	,2003 
"       (2003 FM127)",43.84851532759745	,2003 
"       (2003 FD128)",38.45311430454505	,2003 
"       (2003 FE128)",48.03694921803341	,2003 
"       (2003 FF128)",39.53619264099589	,2003 
"       (2003 FH129)",72.38659676988271	,2003 
"       (2003 FM129)",45.24100361559891	,2003 
"       (2003 FZ129)",62.18894094195541	,2003 
"       (2003 FA130)",42.75412227781119	,2003 
"       (2003 FB130)",42.98547088317186	,2003 
"       (2003 GM53)",44.4594219223342	,2003 
"       (2003 GF55)",45.61841237302544	,2003 
"       (2003 HX56)",47.38936823556473	,2003 
"       (2003 HY56)",42.73301426310875	,2003 
"       (2003 HZ56)",43.74560774325883	,2003 
"       (2003 HA57)",39.5308734345943	,2003 
"       (2003 HB57)",162.3925719791651	,2003 
"       (2003 HC57)",44.1499684399715	,2003 
"       (2003 HD57)",39.51794066486847	,2003 
"       (2003 HE57)",44.35831822829499	,2003 
"       (2003 HF57)",39.48385501485774	,2003 
"       (2003 HG57)",43.74605078139669	,2003 
"       (2003 HH57)",44.15995721780187	,2003 
"       (2003 HJ57)",39.68693467855123	,2003 
"       (2003 HK57)",43.41306756446761	,2003 
"       (2003 HL57)",46.19067447644144	,2003 
"       (2003 HM57)",39.5553895307636	,2003 
"       (2003 HN57)",44.40651084926492	,2003 
"       (2003 HO57)",45.22324242716287	,2003 
"       (2003 HP57)",46.65411369917832	,2003 
"       (2003 KO20)",43.98993014618092	,2003 
"       (2003 KP20)",44.85276812312532	,2003 
"       (2003 LZ6)",43.48104108965597	,2003 
"       (2003 LA7)",75.79871683212556	,2003 
"       (2003 LC7)",45.1442451495627	,2003 
"       (2003 LD7)",42.90531543061821	,2003 
"       (2003 LE7)",39.33943308408231	,2003 
"       (2003 LF7)",39.47234302525552	,2003 
"       (2003 LD9)",47.20390944093884	,2003 
"       (2003 OS33)",69.98943272917032	,2003 
"       (2003 QT90)",45.80651388291066	,2003 
"       (2003 QU90)",43.38415277645166	,2003 
"       (2003 QV90)",43.75033233129471	,2003 
"       (2003 QX90)",43.57556719901991	,2003 
"       (2003 QY90)",42.59624406806252	,2003 
"       (2003 QZ90)",43.57825349280162	,2003 
"       (2003 QA91)",44.22731350897265	,2003 
"       (2003 QB91)",39.16210188606296	,2003 
"       (2003 QC91)",43.45281974883251	,2003 
"       (2003 QD91)",43.10307974119444	,2003 
"       (2003 QE91)",42.83570608580862	,2003 
"       (2003 QF91)",42.82325755582127	,2003 
"       (2003 QG91)",42.37662316023155	,2003 
"       (2003 QJ91)",44.0940400618681	,2003 
"       (2003 QK91)",67.28391635993404	,2003 
"       (2003 QL91)",42.88203054656128	,2003 
"       (2003 QM91)",45.24785721802682	,2003 
"       (2003 QN91)",42.39544906923678	,2003 
"       (2003 QO91)",45.16924548275988	,2003 
"       (2003 QP91)",43.49388674166282	,2003 
"       (2003 QQ91)",38.71630563827864	,2003 
"       (2003 QR91)",46.35474415749132	,2003 
"       (2003 QS91)",45.98882447803257	,2003 
"       (2003 QT91)",44.05945959370034	,2003 
"       (2003 QU91)",43.63418956022399	,2003 
"       (2003 QV91)",39.48864713697227	,2003 
"       (2003 QW91)",39.45801166870698	,2003 
"       (2003 QX91)",43.54444188943113	,2003 
"       (2003 QY91)",82.48316515469605	,2003 
"       (2003 QA92)",38.08484494745804	,2003 
"       (2003 QB92)",34.76854534675613	,2003 
"       (2003 QX111)",39.20978835017016	,2003 
"       (2003 QY111)",43.21021735219952	,2003 
"       (2003 QZ111)",42.86708154314253	,2003 
"       (2003 QA112)",42.53981077449977	,2003 
"       (2003 QB112)",43.9699856827638	,2003 
"       (2003 QE112)",42.87985735796824	,2003 
"       (2003 QM112)",84.51098304961806	,2003 
"       (2003 QO112)",33.3316526810971	,2003 
"       (2003 QW113)",50.87020430112351	,2003 
"       (2003 QX113)",49.43742824662572	,2003 
"       (2003 QY113)",45.33051083811326	,2003 
"       (2003 SN317)",42.4105537911426	,2003 
"       (2003 SO317)",39.26259233593587	,2003 
"       (2003 SQ317)",42.57184004633979	,2003 
"       (2003 SR317)",39.3591325842585	,2003 
"       (2003 SR422)",40.13061005925491	,2003 
"       (2003 SS422)",195.958143155407	,2003 
"       (2003 TH58)",39.53225950799951	,2003 
"       (2003 TJ58)",44.61058889566299	,2003 
"       (2003 TK58)",43.24325725371553	,2003 
"       (2003 TL58)",43.74746779901282	,2003 
"       (2003 UZ117)",44.35918239489344	,2003 
"       (2003 UY283)",33.50403630015469	,2003 
"       (2003 UN284)",42.73915530435594	,2003 
"       (2003 US291)",44.91543173777514	,2003 
"       (2003 UT291)",42.86118628962282	,2003 
"       (2003 UU291)",44.1613114	,2003 
"       (2003 UV291)",44.25319231900965	,2003 
"       (2003 UW291)",44.61108213588113	,2003 
"       (2003 UX291)",46.49703055268328	,2003 
"       (2003 UY291)",49.37533032688438	,2003 
"       (2003 UZ291)",45.29945448962314	,2003 
"       (2003 UA292)",46.76468949311213	,2003 
"       (2003 UB292)",47.12836456597186	,2003 
"       (2003 UC292)",45.12011996117188	,2003 
"       (2003 UD292)",45.9941976513353	,2003 
"       (2003 UE292)",43.46603145131128	,2003 
"       (2003 UF292)",44.78007428518788	,2003 
"       (2003 UG292)",44.10953036303156	,2003 
"       (2003 UH292)",43.92897694305429	,2003 
"       (2003 UJ292)",43.77716918319942	,2003 
"       (2003 UK292)",43.20871277981845	,2003 
"       (2003 UL292)",44.89903096791194	,2003 
"       (2003 UM292)",46.07134017697678	,2003 
"       (2003 UN292)",45.08913104603435	,2003 
"       (2003 UO292)",39.38451621316199	,2003 
"       (2003 UP292)",39.2729065730873	,2003 
"       (2003 UQ292)",39.51111973707404	,2003 
"       (2003 UT292)",39.48984092460514	,2003 
"       (2003 UU292)",39.45436623882733	,2003 
"       (2003 UV292)",39.44643490562028	,2003 
"       (2003 UX292)",44.06029895802271	,2003 
"       (2003 UZ292)",43.14717181468068	,2003 
"       (2003 UK293)",43.91691074580688	,2003 
"       (2003 UY413)",47.17379226031186	,2003 
"       (2003 UZ413)",39.23868880805079	,2003 
"       (2003 UA414)",45.26221836722416	,2003 
"       (2003 UC414)",44.93031047244451	,2003 
"       (2003 WU172)",39.45650524533304	,2003 
"       (2003 WS184)",44.01083407850449	,2003 
"       (2003 WQ188)",46.32865219602906	,2003 
"       (2003 WS188)",39.3267579978875	,2003 
"       (2003 WU188)",44.38265993992444	,2003 
"       (2003 WV188)",45.9178085521671	,2003 
"       (2003 WW188)",44.2513141664308	,2003 
"       (2003 WA191)",39.53614241642614	,2003 
"       (2003 WN193)",39.58904159470966	,2003 
"       (2003 WO193)",38.62807649749105	,2003 
"       (2003 YJ179)",43.8289600479903	,2003 
"       (2003 YK179)",41.84215576804534	,2003 
"       (2003 YL179)",38.98285685355167	,2003 
"       (2003 YM179)",41.1288561076706	,2003 
"       (2003 YN179)",44.45679009718524	,2003 
"       (2003 YP179)",44.32969306867899	,2003 
"       (2003 YQ179)",90.24239436597914	,2003 
"       (2003 YR179)",43.71443361606472	,2003 
"       (2003 YS179)",43.86103809074248	,2003 
"       (2003 YT179)",43.81490865395912	,2003 
"       (2003 YU179)",47.08754203900519	,2003 
"       (2003 YV179)",47.41054544854865	,2003 
"       (2003 YW179)",42.48306908422509	,2003 
"       (2003 YX179)",43.86952920794458	,2003 
"       (2003 YY179)",39.55304487437051	,2003 
"       (2003 YZ179)",43.18349233502371	,2003 
"       (2004 CM111)",32.65252855307455	,2004 
"       (2004 DG64)",43.02725203609715	,2004 
"       (2004 DH64)",46.72822318405525	,2004 
"       (2004 DK64)",43.65078416630941	,2004 
"       (2004 DL64)",45.35349819177237	,2004 
"       (2004 DM64)",44.38503681289799	,2004 
"       (2004 DN64)",43.81763263091862	,2004 
"       (2004 DK71)",44.31996920732738	,2004 
"       (2004 DL71)",44.24534427366805	,2004 
"       (2004 DM71)",43.30478740647131	,2004 
"       (2004 DF77)",43.38705330126297	,2004 
"       (2004 DG77)",43.91414289277492	,2004 
"       (2004 EO95)",43.74944733335804	,2004 
"       (2004 EP95)",43.64456217111803	,2004 
"       (2004 EQ95)",44.6566993	,2004 
"       (2004 ER95)",44.48317001854399	,2004 
"       (2004 ES95)",45.42683428709463	,2004 
"       (2004 ET95)",43.7851961	,2004 
"       (2004 EU95)",44.34262480032562	,2004 
"       (2004 EV95)",39.58498504250742	,2004 
"       (2004 EG96)",55.76352267916526	,2004 
"       (2004 EH96)",39.62592940652436	,2004 
"       (2004 EJ96)",39.67933260513243	,2004 
"       (2004 FU148)",39.58617825059344	,2004 
"       (2004 FW164)",39.67290727777785	,2004 
"       (2004 HX78)",39.39800746626862	,2004 
"       (2004 HY78)",39.40423227272075	,2004 
"       (2004 HZ78)",39.66580781716333	,2004 
"       (2004 HA79)",39.46034383779077	,2004 
"       (2004 HB79)",39.32510833172787	,2004 
"       (2004 HC79)",46.42792551271204	,2004 
"       (2004 HD79)",45.95484767482809	,2004 
"       (2004 HE79)",44.34273562047903	,2004 
"       (2004 HF79)",43.29128004007529	,2004 
"       (2004 HG79)",44.22824994616812	,2004 
"       (2004 HH79)",43.25764236978215	,2004 
"       (2004 HJ79)",44.05942907294988	,2004 
"       (2004 HK79)",43.9939169711094	,2004 
"       (2004 HL79)",42.21835793154986	,2004 
"       (2004 HM79)",36.51695258198281	,2004 
"       (2004 HN79)",45.83860674234487	,2004 
"       (2004 HO79)",55.37069571429619	,2004 
"       (2004 HP79)",47.71812576086216	,2004 
"       (2004 HQ79)",63.58257627754507	,2004 
"       (2004 KV18)",30.20248364063817	,2004 
"       (2004 KZ18)",55.4113053735831	,2004 
"       (2004 KB19)",39.46175076979664	,2004 
"       (2004 KC19)",39.24149745485191	,2004 
"       (2004 KD19)",38.24919551246452	,2004 
"       (2004 KE19)",44.39479152292827	,2004 
"       (2004 KF19)",44.13456596780951	,2004 
"       (2004 KG19)",43.28712468131434	,2004 
"       (2004 KH19)",40.80054348858441	,2004 
"       (2004 KJ19)",46.93774172466185	,2004 
"       (2004 KK19)",42.41671959502465	,2004 
"       (2004 KL19)",47.6540397301719	,2004 
"       (2004 KM19)",47.72401875139212	,2004 
"       (2004 LV31)",44.00241673153559	,2004 
"       (2004 LW31)",46.31333207767715	,2004 
"       (2004 MS8)",39.19942908230005	,2004 
"       (2004 MT8)",42.97653851058692	,2004 
"       (2004 MU8)",44.70855498788973	,2004 
"       (2004 MV8)",47.05838985987202	,2004 
"       (2004 MW8)",33.35449883122452	,2004 
"       (2004 NN8)",97.94460208115933	,2004 
"       (2004 NT33)",43.2559946774001	,2004 
"       (2004 OL12)",43.63535997611831	,2004 
"       (2004 OJ14)",55.12627405193366	,2004 
"       (2004 OL14)",48.58667112073929	,2004 
"       (2004 OP15)",38.4685376785465	,2004 
"       (2004 OQ15)",43.48110919807924	,2004 
"       (2004 OS15)",55.47730906743497	,2004 
"       (2004 PS107)",47.86183258856334	,2004 
"       (2004 PT107)",40.42492626371778	,2004 
"       (2004 PU107)",44.99718869999997	,2004 
"       (2004 PV107)",44.740410174667	,2004 
"       (2004 PW107)",43.61894067663066	,2004 
"       (2004 PX107)",43.42201089140947	,2004 
"       (2004 PY107)",43.99954431293853	,2004 
"       (2004 PZ107)",45.52560885507384	,2004 
"       (2004 PA108)",54.91853089415919	,2004 
"       (2004 PB108)",44.96161558787533	,2004 
"       (2004 PY111)",44.33593745857245	,2004 
"       (2004 PZ111)",43.6216957668147	,2004 
"       (2004 PA112)",38.84895874835338	,2004 
"       (2004 PC112)",44.34815831974979	,2004 
"       (2004 PD112)",65.15702427189241	,2004 
"       (2004 PE112)",45.90270890081089	,2004 
"       (2004 PF112)",44.92614478422754	,2004 
"       (2004 PT117)",42.82705111436502	,2004 
"       (2004 PU117)",42.65568047439575	,2004 
"       (2004 PV117)",45.88318868541177	,2004 
"       (2004 PW117)",43.45616706509306	,2004 
"       (2004 PX117)",44.11074670806525	,2004 
"       (2004 PY117)",39.90437572420149	,2004 
"       (2004 QE29)",40.73729109015306	,2004 
"       (2004 QG29)",48.29177231305877	,2004 
"       (2004 QH29)",50.55049493314817	,2004 
"       (2004 SC60)",44.30255012004584	,2004 
"       (2004 TE282)",34.58798710333775	,2004 
"       (2004 TF282)",81.11182735321896	,2004 
"       (2004 TT357)",55.57188043589525	,2004 
"       (2004 TU357)",39.53039637596424	,2004 
"       (2004 TV357)",47.95208698796409	,2004 
"       (2004 TW357)",39.51119598278746	,2004 
"       (2004 TX357)",36.73192259457424	,2004 
"       (2004 TB358)",43.80460682447924	,2004 
"       (2004 UD10)",42.92335464042427	,2004 
"       (2004 UE10)",39.44075297172095	,2004 
"       (2004 UF10)",39.40436362129209	,2004 
"       (2004 US10)",39.52505821828092	,2004 
"       (2004 UT10)",47.84815273143563	,2004 
"       (2004 UU10)",45.94641225686398	,2004 
"       (2004 UW10)",39.45029532128372	,2004 
"       (2004 VS75)",44.46925261879951	,2004 
"       (2004 VT75)",39.28002291037456	,2004 
"       (2004 VU75)",43.63039054146284	,2004 
"       (2004 VV75)",39.67002218658371	,2004 
"       (2004 VW75)",39.31778064195667	,2004 
"       (2004 VX75)",43.84091098243769	,2004 
"       (2004 VY75)",45.52701514720627	,2004 
"       (2004 VZ75)",39.64804695205878	,2004 
"       (2004 VA76)",43.93933532311301	,2004 
"       (2004 VK78)",47.86798552387	,2004 
"       (2004 VL78)",39.27537182868036	,2004 
"       (2004 VM78)",44.35725267068818	,2004 
"       (2004 VN78)",39.34625381238053	,2004 
"       (2004 VN112)",328.8226182478714	,2004 
"       (2004 VU130)",62.14583119360075	,2004 
"       (2004 VV130)",39.5901816817956	,2004 
"       (2004 VX130)",39.51503546189051	,2004 
"       (2004 VY130)",39.48160060232104	,2004 
"       (2004 VZ130)",39.65893820511799	,2004 
"       (2004 VA131)",45.60331104885241	,2004 
"       (2004 VB131)",44.20449431866663	,2004 
"       (2004 VC131)",44.02961901432664	,2004 
"       (2004 VD131)",46.45296170632566	,2004 
"       (2004 VE131)",42.41662562886999	,2004 
"       (2004 VF131)",43.67540703133292	,2004 
"       (2004 VG131)",64.35120244207198	,2004 
"       (2004 VH131)",60.13962940234287	,2004 
"       (2004 VM131)",68.71918492168605	,2004 
"       (2004 XW186)",45.65630170253559	,2004 
"       (2004 XX186)",46.90411732915937	,2004 
"       (2004 XY186)",39.4712042882113	,2004 
"       (2004 XZ186)",39.64415071305297	,2004 
"       (2004 XR190)",57.70677811479637	,2004 
"       (2004 XX190)",45.41900994856997	,2004 
"       (2005 BV49)",43.98475352524833	,2005 
"       (2005 BW49)",44.39158294026258	,2005 
"       (2005 CA79)",48.19658207803167	,2005 
"       (2005 CD81)",39.45788919316347	,2005 
"       (2005 CE81)",43.00908444021033	,2005 
"       (2005 CF81)",36.7089727178459	,2005 
"       (2005 CG81)",54.2858272715247	,2005 
"       (2005 CH81)",55.76616351694164	,2005 
"       (2005 EE296)",44.42012472489387	,2005 
"       (2005 EO296)",45.10369093305268	,2005 
"       (2005 EP296)",46.82762661782744	,2005 
"       (2005 EZ296)",39.61606188648764	,2005 
"       (2005 EX297)",44.29268550555367	,2005 
"       (2005 EF298)",44.31156356471689	,2005 
"       (2005 EK298)",39.55142071360892	,2005 
"       (2005 EB299)",52.6895271173238	,2005 
"       (2005 ED300)",43.92239672331149	,2005 
"       (2005 EJ300)",43.11963375561855	,2005 
"       (2005 EZ300)",39.70843288912829	,2005 
"       (2005 EN302)",45.14979114641751	,2005 
"       (2005 EM303)",43.69331836461078	,2005 
"       (2005 EF304)",87.29982233644371	,2005 
"       (2005 EO304)",45.80268912629859	,2005 
"       (2005 EH305)",44.05566840260354	,2005 
"       (2005 EB318)",45.22326987471667	,2005 
"       (2005 EC318)",44.0017364025391	,2005 
"       (2005 ER318)",36.76073421612156	,2005 
"       (2005 EW318)",44.78995747631328	,2005 
"       (2005 EX318)",39.60964730249077	,2005 
"       (2005 GW186)",43.21015496921218	,2005 
"       (2005 GX186)",44.18128744302804	,2005 
"       (2005 GY186)",43.07570140132893	,2005 
"       (2005 GZ186)",43.83005257085362	,2005 
"       (2005 GA187)",39.40976548295014	,2005 
"       (2005 GB187)",39.52361813418501	,2005 
"       (2005 GC187)",44.20682933761478	,2005 
"       (2005 GD187)",43.28549241451054	,2005 
"       (2005 GE187)",39.3331531590652	,2005 
"       (2005 GF187)",39.4569698773188	,2005 
"       (2005 GX206)",39.62173702995232	,2005 
"       (2005 GY206)",39.71227081145517	,2005 
"       (2005 GZ206)",44.74804950533517	,2005 
"       (2005 GV210)",39.38285296007371	,2005 
"       (2005 GW210)",39.67838253602974	,2005 
"       (2005 GH228)",36.93867953505431	,2005 
"       (2005 JZ174)",42.68274227573012	,2005 
"       (2005 JA175)",42.48096475298416	,2005 
"       (2005 JH177)",44.66997414384707	,2005 
"       (2005 JO179)",43.63456499705049	,2005 
"       (2005 JP179)",43.03300100126144	,2005 
"       (2005 JQ179)",42.63411637074275	,2005 
"       (2005 JR179)",46.99886590927517	,2005 
"       (2005 JY185)",44.08057170081874	,2005 
"       (2005 JZ185)",43.27604272806306	,2005 
"       (2005 JA186)",45.75884501709216	,2005 
"       (2005 JB186)",41.45603647549245	,2005 
"       (2005 JJ186)",44.56611972757908	,2005 
"       (2005 JK186)",47.19226370813669	,2005 
"       (2005 LA54)",44.28996348306919	,2005 
"       (2005 LB54)",43.65021449475357	,2005 
"       (2005 LC54)",67.17095099770069	,2005 
"       (2005 NU125)",44.29633376137906	,2005 
"       (2005 NV125)",39.44110761788716	,2005 
"       (2005 OE)",62.89767483972032	,2005 
"       (2005 PK21)",44.33283758445648	,2005 
"       (2005 PL21)",46.34604217104387	,2005 
"       (2005 PM21)",43.68099206441686	,2005 
"       (2005 PN21)",45.74167323042909	,2005 
"       (2005 PO21)",43.29392321750194	,2005 
"       (2005 PP21)",45.50528773542808	,2005 
"       (2005 PS21)",44.3102377589745	,2005 
"       (2005 PT21)",74.31365524792923	,2005 
"       (2005 PU21)",174.3065805520494	,2005 
"       (2005 PD23)",44.07415821675021	,2005 
"       (2005 PE23)",43.80231668147062	,2005 
"       (2005 PF23)",44.90230433039643	,2005 
"       (2005 PG23)",45.85090526911605	,2005 
"       (2005 PH23)",44.07146447303917	,2005 
"       (2005 RP43)",93.21762565115476	,2005 
"       (2005 RQ43)",41.38167881182598	,2005 
"       (2005 RH52)",151.9398030875662	,2005 
"       (2005 SD278)",55.58063258212545	,2005 
"       (2005 SE278)",42.28553397419006	,2005 
"       (2005 SF278)",43.79407816879884	,2005 
"       (2005 TN53)",30.12432750219291	,2005 
"       (2005 TN74)",42.43771512910774	,2005 
"       (2005 TV189)",39.60766993736916	,2005 
"       (2005 VX3)",1542.05691862033	,2005 
"       (2005 VZ122)",41.44313883785359	,2005 
"       (2005 VA123)",39.63621884691125	,2005 
"       (2005 XN113)",43.40081159999991	,2005 
"       (2005 YL292)",44.69426387972128	,2005 
"       (2005 YM292)",45.97316896044488	,2005 
"       (2006 AK98)",44.37801084220685	,2006 
"       (2006 AL98)",43.30460394976625	,2006 
"       (2006 AM98)",43.64932056715069	,2006 
"       (2006 AN98)",44.13311675799442	,2006 
"       (2006 AO98)",38.20329906013259	,2006 
"       (2006 AO101)",52.92371508123469	,2006 
"       (2006 BR284)",44.10800329512222	,2006 
"       (2006 BS284)",60.20013083443578	,2006 
"       (2006 CH69)",46.0625575935869	,2006 
"       (2006 CJ69)",42.50784087532737	,2006 
"       (2006 EX52)",42.73414584727144	,2006 
"       (2006 HN122)",46.20023290783356	,2006 
"       (2006 HO122)",70.98553475245028	,2006 
"       (2006 HP122)",46.38232796816389	,2006 
"       (2006 HQ122)",91.69432889807777	,2006 
"       (2006 HR122)",62.21692470268465	,2006 
"       (2006 HS122)",45.00957498875312	,2006 
"       (2006 HT122)",38.7702244798235	,2006 
"       (2006 HU122)",43.20430605464627	,2006 
"       (2006 HV122)",81.09805741759203	,2006 
"       (2006 HW122)",45.51727312477289	,2006 
"       (2006 HX122)",69.82560920615704	,2006 
"       (2006 HY122)",44.16239341879195	,2006 
"       (2006 HZ122)",46.16164223207907	,2006 
"       (2006 HA123)",42.75554010949023	,2006 
"       (2006 HB123)",44.1007823080611	,2006 
"       (2006 HC123)",44.09965455534761	,2006 
"       (2006 HD123)",41.51789825411068	,2006 
"       (2006 HE123)",44.35721615713978	,2006 
"       (2006 HF123)",36.56004617132552	,2006 
"       (2006 HG123)",39.51356578880846	,2006 
"       (2006 HJ123)",39.41600598710317	,2006 
"       (2006 JU58)",46.27689043107411	,2006 
"       (2006 JV58)",44.96212534336583	,2006 
"       (2006 JW81)",44.93605512401525	,2006 
"       (2006 LM1)",37.18421048783913	,2006 
"       (2006 OC22)",45.28765886805922	,2006 
"       (2006 QP180)",37.95430565671295	,2006 
"       (2006 QQ180)",42.1633009013542	,2006 
"       (2006 QR180)",40.46852602518743	,2006 
"       (2006 QS180)",45.92188904610379	,2006 
"       (2006 QT180)",37.61274762370144	,2006 
"       (2006 QU180)",43.25608285076068	,2006 
"       (2006 QV180)",44.78780149855751	,2006 
"       (2006 QW180)",38.11755294535403	,2006 
"       (2006 QX180)",44.56456159030302	,2006 
"       (2006 QY180)",42.55685273625992	,2006 
"       (2006 QZ180)",45.21807514385053	,2006 
"       (2006 QA181)",44.60379602551482	,2006 
"       (2006 QB181)",43.69040027141681	,2006 
"       (2006 QC181)",43.85464034195397	,2006 
"       (2006 QD181)",38.67350686306936	,2006 
"       (2006 QE181)",44.3692684218311	,2006 
"       (2006 QF181)",43.63895314248668	,2006 
"       (2006 QG181)",45.5436424268814	,2006 
"       (2006 QH181)",67.41345476535156	,2006 
"       (2006 QJ181)",63.19335004066799	,2006 
"       (2006 QK181)",42.93540998587123	,2006 
"       (2006 QL181)",43.13946533429703	,2006 
"       (2006 QM181)",45.58901900627309	,2006 
"       (2006 QN181)",44.65525473105365	,2006 
"       (2006 QO181)",43.8540449147632	,2006 
"       (2006 QP181)",38.48849108174026	,2006 
"       (2006 QQ181)",45.02306101811291	,2006 
"       (2006 QR181)",46.51685138685039	,2006 
"       (2006 QS181)",56.15014534156487	,2006 
"       (2006 RC103)",41.79172825394353	,2006 
"       (2006 SF369)",62.7664930460421	,2006 
"       (2006 SG369)",47.87264213366678	,2006 
"       (2006 SL371)",48.26714884358537	,2006 
"       (2006 TK121)",38.59200927997804	,2006 
"       (2006 TM130)",43.56950368658255	,2006 
"       (2006 TO130)",39.53157820891923	,2006 
"       (2006 TP130)",44.14506470284213	,2006 
"       (2006 UX184)",38.01904967919688	,2006 
"       (2006 UY184)",44.29549544730134	,2006 
"       (2006 UZ184)",39.33881040730683	,2006 
"       (2006 UK321)",44.14582708187228	,2006 
"       (2006 UL321)",260.7641997	,2006 
"       (2006 UM321)",44.7816505993845	,2006 
"       (2006 UN321)",44.10072064381634	,2006 
"       (2006 UO321)",43.55272967423991	,2006 
"       (2006 UP321)",39.66997083150439	,2006 
"       (2006 UQ321)",43.41349344094802	,2006 
"       (2006 UR321)",39.31354401019041	,2006 
"       (2006 US321)",45.02234142714642	,2006 
"       (2006 UT321)",38.67218237061829	,2006 
"       (2006 WS195)",39.35095657235347	,2006 
"       (2006 WF206)",43.79010310168201	,2006 
"       (2006 WG206)",50.82851527703699	,2006 
"       (2007 BO81)",44.0407483	,2007 
"       (2007 CJ66)",43.82853404414615	,2007 
"       (2007 CK66)",45.26529693148539	,2007 
"       (2007 CQ79)",45.74570050425179	,2007 
"       (2007 CR79)",47.54321224602522	,2007 
"       (2007 CS79)",44.4539995172666	,2007 
"       (2007 CT79)",43.25454430532618	,2007 
"       (2007 CU79)",43.20148185469895	,2007 
"       (2007 CV79)",45.35998311397314	,2007 
"       (2007 CW79)",42.98247671478543	,2007 
"       (2007 CX79)",44.61289058552242	,2007 
"       (2007 DA61)",448.4021597566037	,2007 
"       (2007 DS101)",44.29012224070405	,2007 
"       (2007 HV90)",45.07016085631355	,2007 
"       (2007 JF43)",39.3451409469184	,2007 
"       (2007 JH43)",39.42778228525756	,2007 
"       (2007 JK43)",46.20232725351864	,2007 
"       (2007 JF45)",44.69368593742313	,2007 
"       (2007 NC7)",33.99361951252288	,2007 
"       (2007 OC10)",49.40665188175229	,2007 
"       (2007 PS45)",47.11466242830056	,2007 
"       (2007 RT15)",39.38895562010153	,2007 
"       (2007 RL314)",45.02742168080166	,2007 
"       (2007 RM314)",44.44732466607734	,2007 
"       (2007 RN314)",44.63257028258849	,2007 
"       (2007 RO314)",45.14113915390597	,2007 
"       (2007 RP314)",44.71490181267816	,2007 
"       (2007 TZ417)",41.56039511499728	,2007 
"       (2007 TA418)",72.67940490683955	,2007 
"       (2007 TB418)",55.29800255016789	,2007 
"       (2007 TC418)",43.1082873222562	,2007 
"       (2007 TD418)",45.16968474852102	,2007 
"       (2007 TG422)",518.1738582137812	,2007 
"       (2007 TH422)",39.46077726068923	,2007 
"       (2007 TU431)",127.5360886215736	,2007 
"       (2007 TV431)",39.40124324935191	,2007 
"       (2007 TW431)",46.00551691944491	,2007 
"       (2007 TX431)",47.74194951453118	,2007 
"       (2007 TC434)",44.86151414653028	,2007 
"       (2007 TQ436)",39.75633869139592	,2007 
"       (2007 TR436)",62.99592570420375	,2007 
"       (2007 VJ302)",43.12354224631362	,2007 
"       (2007 VK302)",43.53207135898668	,2007 
"       (2007 VJ305)",190.7687814107952	,2007 
"       (2007 VK305)",57.1584408746915	,2007 
"       (2007 XV50)",46.12733089837252	,2007 
"       (2008 AP118)",44.09848432745728	,2008 
"       (2008 AQ118)",45.42518278710504	,2008 
"       (2008 BN18)",30.57839174763153	,2008 
"       (2008 CS190)",42.60852919141738	,2008 
"       (2008 CT190)",53.25147779603223	,2008 
"       (2008 KV42)",41.36342555794793	,2008 
"       (2008 LP17)",89.59817075912277	,2008 
"       (2008 LD18)",39.85757639794317	,2008 
"       (2008 NW4)",44.95320848731366	,2008 
"       (2008 OG19)",66.11536226674635	,2008 
"       (2008 QB43)",41.65262955123601	,2008 
"       (2008 SO266)",39.29035219170802	,2008 
"       (2008 SP266)",40.94491159523812	,2008 
"       (2008 ST291)",98.67910275015154	,2008 
"       (2008 UA332)",44.83358067276485	,2008 
"       (2008 UB332)",39.50239061063027	,2008 
"       (2009 DD47)",45.78504939793741	,2009 
"       (2009 DJ143)",66.34274292807645	,2009 
"       (2009 DK143)",43.2079851721765	,2009 
"       (2009 DL143)",43.75769718475954	,2009 
"       (2009 DM143)",54.98999201900848	,2009 
"       (2009 DN143)",39.60512768036205	,2009 
"       (2009 DO143)",44.36315576708863	,2009 
"       (2009 DP143)",43.89914383523877	,2009 
"       (2009 DQ143)",44.31450528568543	,2009 
"       (2009 DR143)",47.83945986095073	,2009 
"       (2009 DS143)",49.52114156603031	,2009 
"       (2009 DT143)",38.48138270747405	,2009 
"       (2009 JT18)",44.00145588402776	,2009 
"       (2009 JU18)",56.41675217708011	,2009 
"       (2009 JV18)",45.08217967772236	,2009 
"       (2009 JW18)",46.05452300831563	,2009 
"       (2009 JX18)",37.5779078431163	,2009 
"       (2009 JY18)",54.32342470670501	,2009 
"       (2009 JZ18)",49.04690680000554	,2009 
"       (2009 JA19)",47.66522991476598	,2009 
"       (2009 JB19)",46.52749223114913	,2009 
"       (2009 JC19)",50.76397013272231	,2009 
"       (2009 JD19)",39.88554518890684	,2009 
"       (2009 JE19)",43.48937605339328	,2009 
"       (2009 JF19)",43.9808335448898	,2009 
"       (2009 KJ30)",46.54732195678606	,2009 
"       (2009 KK30)",60.02790936737767	,2009 
"       (2009 KL30)",45.74108170398865	,2009 
"       (2009 KM30)",41.72262498472252	,2009 
"       (2009 KN30)",69.42725230791693	,2009 
"       (2009 KO30)",44.23028843182759	,2009 
"       (2009 KT36)",43.42844987674286	,2009 
"       (2009 KU36)",42.98557609961758	,2009 
"       (2009 KV36)",42.91822658464628	,2009 
"       (2009 KW36)",44.98446854653932	,2009 
"       (2009 KX36)",67.80245331341607	,2009 
"       (2009 KY36)",51.22332213033761	,2009 
"       (2009 KZ36)",48.4044026233029	,2009 
"       (2009 KA37)",53.52043340617759	,2009 
"       (2009 MS9)",349.4404931509147	,2009 
"       (2009 MA10)",44.38595543186559	,2009 
"       (2009 MF10)",56.66198240869856	,2009 
"       (2009 MG10)",46.89573987299833	,2009 
"       (2009 UF156)",42.90996060610149	,2009 
"       (2009 YG19)",55.93502757312233	,2009 
"       (2010 AH2)",47.16298085600393	,2010 
"       (2010 BK118)",499.3582832346872	,2010 
"       (2010 CG55)",31.79215056007115	,2010 
"       (2010 EB46)",32.56240101631759	,2010 
"       (2010 EQ65)",81.35837410323958	,2010 
"       (2010 ER65)",99.4170976337797	,2010 
"       (2010 ET65)",62.72836561826847	,2010 
"       (2010 EK139)",69.57074171110006	,2010 
"       (2010 EL139)",39.4706473073561	,2010 
"       (2010 FC49)",39.09955791635813	,2010 
"       (2010 FD49)",55.80548192363685	,2010 
"       (2010 FE49)",54.09946471678633	,2010 
"       (2010 FX86)",46.87677448676294	,2010 
"       (2010 GW64)",62.72627558852558	,2010 
"       (2010 GF65)",33.30871616112403	,2010 
"       (2010 GW147)",174.8129458560329	,2010 
"       (2010 GB174)",370.1872857340348	,2010 
"       (2010 HE79)",39.00645278868416	,2010 
"       (2010 HG109)",39.83642923664041	,2010 
"       (2010 HD112)",44.49247744158242	,2010 
"       (2010 JC80)",56.03533169900183	,2010 
"       (2010 JH124)",68.62157604680451	,2010 
"       (2010 JJ124)",83.86478791536761	,2010 
"       (2010 JK124)",39.64170590905763	,2010 
"       (2010 KZ39)",45.15702702227968	,2010 
"       (2010 LP68)",36.42652247853053	,2010 
"       (2010 LQ68)",44.51447315873015	,2010 
"       (2010 LK109)",45.12720638464945	,2010 
"       (2010 PK66)",40.55699592051602	,2010 
"       (2010 PT66)",61.8830036261125	,2010 
"       (2010 PU75)",84.09573023538935	,2010 
"       (2010 RF43)",49.2642832604243	,2010 
"       (2010 RM45)",64.26418741463098	,2010 
"       (2010 RN45)",39.95030376697694	,2010 
"       (2010 RE64)",65.6519626359153	,2010 
"       (2010 RF64)",42.87441345229268	,2010 
"       (2010 RN64)",40.79003950337547	,2010 
"       (2010 RO64)",46.74816164571405	,2010 
"       (2010 SB41)",40.38327027518346	,2010 
"       (2010 TJ)",62.66998126823433	,2010 
"       (2010 TR19)",36.67664107832376	,2010 
"       (2010 TY53)",39.04137239539409	,2010 
"       (2010 TP182)",45.1256000235602	,2010 
"       (2010 VQ11)",45.30594853273584	,2010 
"       (2010 VR11)",41.58612594886394	,2010 
"       (2010 VW11)",50.74271924081659	,2010 
"       (2010 VX11)",42.00744308651245	,2010 
"       (2010 VZ98)",155.2582279357613	,2010 
"       (2010 VK201)",43.22491868348926	,2010 
"       (2010 VL201)",37.59362939950036	,2010 
"       (2010 WG9)",53.18097465730573	,2010 
"       (2011 FY9)",59.51219969495162	,2011 
"       (2011 FW62)",39.82607494706514	,2011 
"       (2011 FX62)",48.43737321504534	,2011 
"       (2011 GM27)",43.74352611371512	,2011 
"       (2011 GY61)",50.48566191470622	,2011 
"       (2011 HO60)",94.164108344925	,2011 
"       (2011 HP83)",52.54119022886382	,2011 
"       (2011 HZ102)",43.08920796508314	,2011 
"       (2011 HD103)",44.09542035593276	,2011 
"       (2011 HE103)",43.78896661637895	,2011 
"       (2011 HF103)",42.71889656781638	,2011 
"       (2011 HJ103)",46.24028144635521	,2011 
"       (2011 HK103)",52.97326929149151	,2011 
"       (2011 HL103)",42.3446359	,2011 
"       (2011 JF31)",41.42354664976097	,2011 
"       (2011 JW31)",45.42983638964357	,2011 
"       (2011 JX31)",44.84604148344117	,2011 
"       (2011 JY31)",43.86901337161216	,2011 
"       (2011 JA32)",57.65227735829006	,2011 
"       (2011 JD32)",50.9276264	,2011 
"       (2011 KW48)",37.5216191	,2011 
"       (2011 OR17)",268.4844009750465	,2011 
"       (2011 UQ62)",34.56494630537731	,2011 
"       (2011 UP410)",39.62705487739925	,2011 
"       (2011 UQ410)",39.38857394541601	,2011 
"       (2011 UR410)",39.47634456203066	,2011 
"       (2011 US410)",39.46895237691383	,2011 
"       (2011 UT410)",39.54452402687165	,2011 
"       (2011 UU410)",39.30886514663934	,2011 
"       (2011 UV410)",39.41144933479816	,2011 
"       (2011 UW410)",39.59154609288788	,2011 
"       (2011 UX410)",39.5110601304923	,2011 
"       (2011 UY410)",39.32677636731681	,2011 
"       (2011 UZ410)",39.50118630801418	,2011 
"       (2011 UA411)",39.24802129841191	,2011 
"       (2011 UB411)",39.59704423952883	,2011 
"       (2011 UC411)",39.28221933287676	,2011 
"       (2011 UD411)",39.21962708583563	,2011 
"       (2011 UE411)",47.70487781449887	,2011 
"       (2011 UF411)",47.83716683822323	,2011 
"       (2011 UG411)",47.6231156169036	,2011 
"       (2011 UH411)",46.18595870849563	,2011 
"       (2011 UJ411)",42.30237500328546	,2011 
"       (2011 UK411)",42.37021394835575	,2011 
"       (2011 UL411)",42.22100030174914	,2011 
"       (2011 UM411)",42.21237263952698	,2011 
"       (2011 UN411)",42.35740569852629	,2011 
"       (2011 UO411)",42.30383960631527	,2011 
"       (2011 UP411)",75.82784288655739	,2011 
"       (2011 UQ411)",62.64618765027625	,2011 
"       (2011 UR411)",62.30152301800226	,2011 
"       (2011 US411)",62.56642416012978	,2011 
"       (2011 UT411)",55.8143983136365	,2011 
"       (2011 UU411)",43.94543757267255	,2011 
"       (2011 UV411)",43.35487412833701	,2011 
"       (2011 UW411)",43.8725064347926	,2011 
"       (2011 UX411)",42.42640150834996	,2011 
"       (2011 UY411)",44.22649019446168	,2011 
"       (2011 UZ411)",45.52106215674481	,2011 
"       (2011 UA412)",46.24633975094439	,2011 
"       (2011 UB412)",43.47894366375468	,2011 
"       (2011 UC412)",43.40210404338921	,2011 
"       (2011 UD412)",45.41917197401685	,2011 
"       (2011 UE412)",43.48576970711137	,2011 
"       (2011 UF412)",45.06852922663699	,2011 
"       (2011 UG412)",46.42760173001638	,2011 
"       (2011 UH412)",42.63956574449805	,2011 
"       (2011 UJ412)",42.04648347710377	,2011 
"       (2011 UK412)",40.72781105585675	,2011 
"       (2011 UL412)",43.01118187089215	,2011 
"       (2011 UM412)",45.37514515759506	,2011 
"       (2011 UN412)",38.95336363507853	,2011 
"       (2011 UO412)",38.02501094103688	,2011 
"       (2011 UP412)",56.41427792537542	,2011 
"       (2011 UQ412)",67.47719594310978	,2011 
"       (2011 UR412)",50.16744831229425	,2011 
"       (2011 US412)",47.90461213236397	,2011 
"       (2011 UT412)",48.01948861707972	,2011 
"       (2011 UU412)",39.3086524	,2011 
"       (2011 UV412)",48.65090178060382	,2011 
"       (2011 UW412)",78.13793049603795	,2011 
"       (2011 UX412)",44.4317647	,2011 
"       (2011 UY412)",43.0576589	,2011 
"       (2011 UZ412)",36.45431366527292	,2011 
"       (2011 UA413)",36.53193217267764	,2011 
"       (2011 WS41)",38.31319239198732	,2011 
"       (2012 BX85)",42.97516660610489	,2012 
"       (2012 DR30)",1263.417818253158	,2012 
"       (2012 GX17)",37.4319206059678	,2012 
"       (2012 HD2)",61.0974876137927	,2012 
"       (2012 HH2)",35.0501480755936	,2012 
"       (2012 HG84)",42.44578216088776	,2012 
"       (2012 HZ84)",46.00505663755514	,2012 
"       (2012 KU50)",52.72114644576457	,2012 
"       (2012 KA51)",224.4523523830647	,2012 
"       (2012 TL139)",30.39458738206458	,2012 
"       (2012 UG177)",39.30923097876622	,2012 
"       (2012 UH177)",39.35878873796165	,2012 
"       (2012 UJ177)",55.16973450512167	,2012 
"       (2012 UK177)",92.53678492361432	,2012 
"       (2012 UL177)",40.67186167342494	,2012 
"       (2012 UM177)",43.53112626626342	,2012 
"       (2012 UN177)",43.21494443501323	,2012 
"       (2012 UO177)",41.55319763440507	,2012 
"       (2012 UP177)",42.80951459570142	,2012 
"       (2012 UQ177)",52.09360638623581	,2012 
"       (2012 UR177)",73.9645360439613	,2012 
"       (2012 US177)",56.05950825075678	,2012 
"       (2012 UT177)",47.48025243077009	,2012 
"       (2012 UU177)",43.7906788	,2012 
"       (2012 VP113)",263.1193814693025	,2012 
"       (2012 VR113)",47.64988529974534	,2012 
"       (2012 VS113)",55.14047734389155	,2012 
"       (2012 XR157)",48.03312585853411	,2012 
"       (2013 AZ60)",906.4960944755448	,2013 
"       (2013 BN27)",62.87142897286078	,2013 
"       (2013 BL76)",1253.514263956991	,2013 
"       (2013 BK78)",39.31434794104717	,2013 
"       (2013 FY27)",59.61523858579225	,2013 
"       (2013 FZ27)",48.35835281685554	,2013 
"       (2013 FA28)",44.21579191576208	,2013 
"       (2013 FB28)",46.4694732888585	,2013 
"       (2013 FC28)",46.37899443218588	,2013 
"       (2013 FD28)",39.60252659386777	,2013 
"       (2013 JU63)",49.48590243377858	,2013 
"       (2013 JV63)",44.04063536022463	,2013 
"       (2013 JW63)",46.65368279155445	,2013 
"       (2013 LD16)",79.95163552146103	,2013 
"       (2013 LU28)",226.9973902745987	,2013 
"       (2013 LU35)",43.59304432667151	,2013 
"       (2013 QO95)",40.01482307135834	,2013 
"       (2013 QP95)",40.45288337592583	,2013 
"       (2013 RB98)",42.99813165435756	,2013 
"       (2013 SA87)",42.91587209484528	,2013 
"       (2013 TV158)",111.5301400852903	,2013 
"       (2014 DT112)",47.28120367872864	,2014 
"       (2014 FW)",30.5849605008156	,2014 
"       (2014 FP43)",47.64920471485832	,2014 
"       (2014 FX61)",43.84536396326795	,2014 
"       (2014 FB62)",42.58161339166944	,2014 
"       (2014 GE45)",65.16936669190854	,2014 
"       (2014 QF433)",48.3302661027414	,2014 
"       (2014 QL441)",49.05975904329944	,2014 
"       (2014 QM441)",39.58734565093165	,2014 
"       (2014 QN441)",46.2486876	,2014 
"       (2014 TZ33)",38.18916091003537	,2014 
"       (2014 UM33)",45.69237064818331	,2014 
"       (2014 UT114)",31.02855382850087	,2014 
"       (2014 UH192)",47.0804086	,2014 
